,protease_turn,merops_id,substrate_turn,uniprot_id,p1,cleave_pattern,full_aa
0,1,A01.001,0,P00004,11,--------------MGDVEKGKKIFVQKCAQCHTVEKGGKHKTGPNLHGLFGRKTGQAPGFTYTDANKNKGITWKEETLMEYLENPKKYIPGTKMIFAGIKKKTEREDLIAYL,MGDVEKGKKIFVQKCAQCHTVEKGGKHKTGPNLHGLFGRKTGQAPGFTYTDANKNKGITWKEETLMEYLENPKKYIPGTKMIFAGIKKKTEREDLIAYLKKATNE
1,1,A01.001,1,P00004,22,---MGDVE,MGDVEKGKKIFVQKCAQCHTVEKGGKHKTGPNLHGLFGRKTGQAPGFTYTDANKNKGITWKEETLMEYLENPKKYIPGTKMIFAGIKKKTEREDLIAYLKKATNE
2,1,A01.001,2,P00004,37,HGLFGRKT,MGDVEKGKKIFVQKCAQCHTVEKGGKHKTGPNLHGLFGRKTGQAPGFTYTDANKNKGITWKEETLMEYLENPKKYIPGTKMIFAGIKKKTEREDLIAYLKKATNE
3,1,A01.001,3,P00004,47,APGFTYTD,MGDVEKGKKIFVQKCAQCHTVEKGGKHKTGPNLHGLFGRKTGQAPGFTYTDANKNKGITWKEETLMEYLENPKKYIPGTKMIFAGIKKKTEREDLIAYLKKATNE
4,1,A01.001,4,P00004,48,PGFTYTDA,MGDVEKGKKIFVQKCAQCHTVEKGGKHKTGPNLHGLFGRKTGQAPGFTYTDANKNKGITWKEETLMEYLENPKKYIPGTKMIFAGIKKKTEREDLIAYLKKATNE
5,1,A01.001,5,P00004,65,EETLMEYL,MGDVEKGKKIFVQKCAQCHTVEKGGKHKTGPNLHGLFGRKTGQAPGFTYTDANKNKGITWKEETLMEYLENPKKYIPGTKMIFAGIKKKTEREDLIAYLKKATNE
6,1,A01.001,6,P00004,66,ETLMEYLE,MGDVEKGKKIFVQKCAQCHTVEKGGKHKTGPNLHGLFGRKTGQAPGFTYTDANKNKGITWKEETLMEYLENPKKYIPGTKMIFAGIKKKTEREDLIAYLKKATNE
7,1,A01.001,7,P00004,67,TLMEYLEN,MGDVEKGKKIFVQKCAQCHTVEKGGKHKTGPNLHGLFGRKTGQAPGFTYTDANKNKGITWKEETLMEYLENPKKYIPGTKMIFAGIKKKTEREDLIAYLKKATNE
8,1,A01.001,8,P00004,68,LMEYLENP,MGDVEKGKKIFVQKCAQCHTVEKGGKHKTGPNLHGLFGRKTGQAPGFTYTDANKNKGITWKEETLMEYLENPKKYIPGTKMIFAGIKKKTEREDLIAYLKKATNE
9,1,A01.001,9,P00004,81,GITWKEETLMEYLENPKKYIPGTKMIFAGIKKKTEREDLIAYLKKATNE-,MGDVEKGKKIFVQKCAQCHTVEKGGKHKTGPNLHGLFGRKTGQAPGFTYTDANKNKGITWKEETLMEYLENPKKYIPGTKMIFAGIKKKTEREDLIAYLKKATNE
10,1,A01.001,10,P00004,83,TWKEETLMEYLENPKKYIPGTKMIFAGIKKKTEREDLIAYLKKATNE---,MGDVEKGKKIFVQKCAQCHTVEKGGKHKTGPNLHGLFGRKTGQAPGFTYTDANKNKGITWKEETLMEYLENPKKYIPGTKMIFAGIKKKTEREDLIAYLKKATNE
11,1,A01.001,11,P00004,95,NPKKYIPGTKMIFAGIKKKTEREDLIAYLKKATNE---------------,MGDVEKGKKIFVQKCAQCHTVEKGGKHKTGPNLHGLFGRKTGQAPGFTYTDANKNKGITWKEETLMEYLENPKKYIPGTKMIFAGIKKKTEREDLIAYLKKATNE
12,1,A01.001,12,P00004,97,KKYIPGTKMIFAGIKKKTEREDLIAYLKKATNE-----------------,MGDVEKGKKIFVQKCAQCHTVEKGGKHKTGPNLHGLFGRKTGQAPGFTYTDANKNKGITWKEETLMEYLENPKKYIPGTKMIFAGIKKKTEREDLIAYLKKATNE
13,1,A01.001,13,P00008,11,--------------MGDVEKGKKIFVQKCAQCHTVEKGGKHKTGPNLHGLFGRKTGQAVGFSYTDANKNKGITWGEDTLMEYLENPKKYIPGTKMIFAGIKKKDERADLIAYL,MGDVEKGKKIFVQKCAQCHTVEKGGKHKTGPNLHGLFGRKTGQAVGFSYTDANKNKGITWGEDTLMEYLENPKKYIPGTKMIFAGIKKKDERADLIAYLKKATNE
14,1,A01.001,14,P00008,22,---MGDVE,MGDVEKGKKIFVQKCAQCHTVEKGGKHKTGPNLHGLFGRKTGQAVGFSYTDANKNKGITWGEDTLMEYLENPKKYIPGTKMIFAGIKKKDERADLIAYLKKATNE
15,1,A01.001,15,P00008,23,--MGDVEK,MGDVEKGKKIFVQKCAQCHTVEKGGKHKTGPNLHGLFGRKTGQAVGFSYTDANKNKGITWGEDTLMEYLENPKKYIPGTKMIFAGIKKKDERADLIAYLKKATNE
16,1,A01.001,16,P00334,7,------------------MSFTLTNKNVIFVAGLGGIGLDTSKELLKRDLKNLVILDRIENPAAIAELKAINPKVTVTFYPYDVTVPIAETTKLLKTIFAQLKTVDVLINGAGILDDHQIERTIAVNYTGLVNTTTAILDFWDKRKGGPGGIICNIGSVTGFNAIYQVPVYSGTKAAVVNFTSSLAKLAPITGVTAYTVNPGITRTTLVHKFNSWLDVEPQVAEKLLAHPTQPSLACAENFVKAIELNQNGAIWKLDLGTLEAI,MSFTLTNKNVIFVAGLGGIGLDTSKELLKRDLKNLVILDRIENPAAIAELKAINPKVTVTFYPYDVTVPIAETTKLLKTIFAQLKTVDVLINGAGILDDHQIERTIAVNYTGLVNTTTAILDFWDKRKGGPGGIICNIGSVTGFNAIYQVPVYSGTKAAVVNFTSSLAKLAPITGVTAYTVNPGITRTTLVHKFNSWLDVEPQVAEKLLAHPTQPSLACAENFVKAIELNQNGAIWKLDLGTLEAIQWTKHWDSGI
17,1,A01.001,17,P00334,9,----------------MSFTLTNKNVIFVAGLGGIGLDTSKELLKRDLKNLVILDRIENPAAIAELKAINPKVTVTFYPYDVTVPIAETTKLLKTIFAQLKTVDVLINGAGILDDHQIERTIAVNYTGLVNTTTAILDFWDKRKGGPGGIICNIGSVTGFNAIYQVPVYSGTKAAVVNFTSSLAKLAPITGVTAYTVNPGITRTTLVHKFNSWLDVEPQVAEKLLAHPTQPSLACAENFVKAIELNQNGAIWKLDLGTLEAIQW,MSFTLTNKNVIFVAGLGGIGLDTSKELLKRDLKNLVILDRIENPAAIAELKAINPKVTVTFYPYDVTVPIAETTKLLKTIFAQLKTVDVLINGAGILDDHQIERTIAVNYTGLVNTTTAILDFWDKRKGGPGGIICNIGSVTGFNAIYQVPVYSGTKAAVVNFTSSLAKLAPITGVTAYTVNPGITRTTLVHKFNSWLDVEPQVAEKLLAHPTQPSLACAENFVKAIELNQNGAIWKLDLGTLEAIQWTKHWDSGI
18,1,A01.001,18,P00334,12,-------------MSFTLTNKNVIFVAGLGGIGLDTSKELLKRDLKNLVILDRIENPAAIAELKAINPKVTVTFYPYDVTVPIAETTKLLKTIFAQLKTVDVLINGAGILDDHQIERTIAVNYTGLVNTTTAILDFWDKRKGGPGGIICNIGSVTGFNAIYQVPVYSGTKAAVVNFTSSLAKLAPITGVTAYTVNPGITRTTLVHKFNSWLDVEPQVAEKLLAHPTQPSLACAENFVKAIELNQNGAIWKLDLGTLEAIQWTKH,MSFTLTNKNVIFVAGLGGIGLDTSKELLKRDLKNLVILDRIENPAAIAELKAINPKVTVTFYPYDVTVPIAETTKLLKTIFAQLKTVDVLINGAGILDDHQIERTIAVNYTGLVNTTTAILDFWDKRKGGPGGIICNIGSVTGFNAIYQVPVYSGTKAAVVNFTSSLAKLAPITGVTAYTVNPGITRTTLVHKFNSWLDVEPQVAEKLLAHPTQPSLACAENFVKAIELNQNGAIWKLDLGTLEAIQWTKHWDSGI
19,1,A01.001,19,P00334,18,-------M,MSFTLTNKNVIFVAGLGGIGLDTSKELLKRDLKNLVILDRIENPAAIAELKAINPKVTVTFYPYDVTVPIAETTKLLKTIFAQLKTVDVLINGAGILDDHQIERTIAVNYTGLVNTTTAILDFWDKRKGGPGGIICNIGSVTGFNAIYQVPVYSGTKAAVVNFTSSLAKLAPITGVTAYTVNPGITRTTLVHKFNSWLDVEPQVAEKLLAHPTQPSLACAENFVKAIELNQNGAIWKLDLGTLEAIQWTKHWDSGI
20,1,A01.001,20,P00334,20,-----MSF,MSFTLTNKNVIFVAGLGGIGLDTSKELLKRDLKNLVILDRIENPAAIAELKAINPKVTVTFYPYDVTVPIAETTKLLKTIFAQLKTVDVLINGAGILDDHQIERTIAVNYTGLVNTTTAILDFWDKRKGGPGGIICNIGSVTGFNAIYQVPVYSGTKAAVVNFTSSLAKLAPITGVTAYTVNPGITRTTLVHKFNSWLDVEPQVAEKLLAHPTQPSLACAENFVKAIELNQNGAIWKLDLGTLEAIQWTKHWDSGI
21,1,A01.001,21,P00334,21,----MSFT,MSFTLTNKNVIFVAGLGGIGLDTSKELLKRDLKNLVILDRIENPAAIAELKAINPKVTVTFYPYDVTVPIAETTKLLKTIFAQLKTVDVLINGAGILDDHQIERTIAVNYTGLVNTTTAILDFWDKRKGGPGGIICNIGSVTGFNAIYQVPVYSGTKAAVVNFTSSLAKLAPITGVTAYTVNPGITRTTLVHKFNSWLDVEPQVAEKLLAHPTQPSLACAENFVKAIELNQNGAIWKLDLGTLEAIQWTKHWDSGI
22,1,A01.001,22,P00334,27,SKELLKRD,MSFTLTNKNVIFVAGLGGIGLDTSKELLKRDLKNLVILDRIENPAAIAELKAINPKVTVTFYPYDVTVPIAETTKLLKTIFAQLKTVDVLINGAGILDDHQIERTIAVNYTGLVNTTTAILDFWDKRKGGPGGIICNIGSVTGFNAIYQVPVYSGTKAAVVNFTSSLAKLAPITGVTAYTVNPGITRTTLVHKFNSWLDVEPQVAEKLLAHPTQPSLACAENFVKAIELNQNGAIWKLDLGTLEAIQWTKHWDSGI
23,1,A01.001,23,P00334,28,KELLKRDL,MSFTLTNKNVIFVAGLGGIGLDTSKELLKRDLKNLVILDRIENPAAIAELKAINPKVTVTFYPYDVTVPIAETTKLLKTIFAQLKTVDVLINGAGILDDHQIERTIAVNYTGLVNTTTAILDFWDKRKGGPGGIICNIGSVTGFNAIYQVPVYSGTKAAVVNFTSSLAKLAPITGVTAYTVNPGITRTTLVHKFNSWLDVEPQVAEKLLAHPTQPSLACAENFVKAIELNQNGAIWKLDLGTLEAIQWTKHWDSGI
24,1,A01.001,24,P00334,30,LLKRDLKN,MSFTLTNKNVIFVAGLGGIGLDTSKELLKRDLKNLVILDRIENPAAIAELKAINPKVTVTFYPYDVTVPIAETTKLLKTIFAQLKTVDVLINGAGILDDHQIERTIAVNYTGLVNTTTAILDFWDKRKGGPGGIICNIGSVTGFNAIYQVPVYSGTKAAVVNFTSSLAKLAPITGVTAYTVNPGITRTTLVHKFNSWLDVEPQVAEKLLAHPTQPSLACAENFVKAIELNQNGAIWKLDLGTLEAIQWTKHWDSGI
25,1,A01.001,25,P00334,32,KRDLKNLV,MSFTLTNKNVIFVAGLGGIGLDTSKELLKRDLKNLVILDRIENPAAIAELKAINPKVTVTFYPYDVTVPIAETTKLLKTIFAQLKTVDVLINGAGILDDHQIERTIAVNYTGLVNTTTAILDFWDKRKGGPGGIICNIGSVTGFNAIYQVPVYSGTKAAVVNFTSSLAKLAPITGVTAYTVNPGITRTTLVHKFNSWLDVEPQVAEKLLAHPTQPSLACAENFVKAIELNQNGAIWKLDLGTLEAIQWTKHWDSGI
26,1,A01.001,26,P00334,34,DLKNLVIL,MSFTLTNKNVIFVAGLGGIGLDTSKELLKRDLKNLVILDRIENPAAIAELKAINPKVTVTFYPYDVTVPIAETTKLLKTIFAQLKTVDVLINGAGILDDHQIERTIAVNYTGLVNTTTAILDFWDKRKGGPGGIICNIGSVTGFNAIYQVPVYSGTKAAVVNFTSSLAKLAPITGVTAYTVNPGITRTTLVHKFNSWLDVEPQVAEKLLAHPTQPSLACAENFVKAIELNQNGAIWKLDLGTLEAIQWTKHWDSGI
27,1,A01.001,27,P00334,35,LKNLVILD,MSFTLTNKNVIFVAGLGGIGLDTSKELLKRDLKNLVILDRIENPAAIAELKAINPKVTVTFYPYDVTVPIAETTKLLKTIFAQLKTVDVLINGAGILDDHQIERTIAVNYTGLVNTTTAILDFWDKRKGGPGGIICNIGSVTGFNAIYQVPVYSGTKAAVVNFTSSLAKLAPITGVTAYTVNPGITRTTLVHKFNSWLDVEPQVAEKLLAHPTQPSLACAENFVKAIELNQNGAIWKLDLGTLEAIQWTKHWDSGI
28,1,A01.001,28,P00334,38,LVILDRIE,MSFTLTNKNVIFVAGLGGIGLDTSKELLKRDLKNLVILDRIENPAAIAELKAINPKVTVTFYPYDVTVPIAETTKLLKTIFAQLKTVDVLINGAGILDDHQIERTIAVNYTGLVNTTTAILDFWDKRKGGPGGIICNIGSVTGFNAIYQVPVYSGTKAAVVNFTSSLAKLAPITGVTAYTVNPGITRTTLVHKFNSWLDVEPQVAEKLLAHPTQPSLACAENFVKAIELNQNGAIWKLDLGTLEAIQWTKHWDSGI
29,1,A01.001,29,P00334,39,VILDRIEN,MSFTLTNKNVIFVAGLGGIGLDTSKELLKRDLKNLVILDRIENPAAIAELKAINPKVTVTFYPYDVTVPIAETTKLLKTIFAQLKTVDVLINGAGILDDHQIERTIAVNYTGLVNTTTAILDFWDKRKGGPGGIICNIGSVTGFNAIYQVPVYSGTKAAVVNFTSSLAKLAPITGVTAYTVNPGITRTTLVHKFNSWLDVEPQVAEKLLAHPTQPSLACAENFVKAIELNQNGAIWKLDLGTLEAIQWTKHWDSGI
30,1,A01.001,30,P00334,46,NPAAIAEL,MSFTLTNKNVIFVAGLGGIGLDTSKELLKRDLKNLVILDRIENPAAIAELKAINPKVTVTFYPYDVTVPIAETTKLLKTIFAQLKTVDVLINGAGILDDHQIERTIAVNYTGLVNTTTAILDFWDKRKGGPGGIICNIGSVTGFNAIYQVPVYSGTKAAVVNFTSSLAKLAPITGVTAYTVNPGITRTTLVHKFNSWLDVEPQVAEKLLAHPTQPSLACAENFVKAIELNQNGAIWKLDLGTLEAIQWTKHWDSGI
31,1,A01.001,31,P00334,47,PAAIAELK,MSFTLTNKNVIFVAGLGGIGLDTSKELLKRDLKNLVILDRIENPAAIAELKAINPKVTVTFYPYDVTVPIAETTKLLKTIFAQLKTVDVLINGAGILDDHQIERTIAVNYTGLVNTTTAILDFWDKRKGGPGGIICNIGSVTGFNAIYQVPVYSGTKAAVVNFTSSLAKLAPITGVTAYTVNPGITRTTLVHKFNSWLDVEPQVAEKLLAHPTQPSLACAENFVKAIELNQNGAIWKLDLGTLEAIQWTKHWDSGI
32,1,A01.001,32,P00334,49,AIAELKAI,MSFTLTNKNVIFVAGLGGIGLDTSKELLKRDLKNLVILDRIENPAAIAELKAINPKVTVTFYPYDVTVPIAETTKLLKTIFAQLKTVDVLINGAGILDDHQIERTIAVNYTGLVNTTTAILDFWDKRKGGPGGIICNIGSVTGFNAIYQVPVYSGTKAAVVNFTSSLAKLAPITGVTAYTVNPGITRTTLVHKFNSWLDVEPQVAEKLLAHPTQPSLACAENFVKAIELNQNGAIWKLDLGTLEAIQWTKHWDSGI
33,1,A01.001,33,P00334,51,AELKAINP,MSFTLTNKNVIFVAGLGGIGLDTSKELLKRDLKNLVILDRIENPAAIAELKAINPKVTVTFYPYDVTVPIAETTKLLKTIFAQLKTVDVLINGAGILDDHQIERTIAVNYTGLVNTTTAILDFWDKRKGGPGGIICNIGSVTGFNAIYQVPVYSGTKAAVVNFTSSLAKLAPITGVTAYTVNPGITRTTLVHKFNSWLDVEPQVAEKLLAHPTQPSLACAENFVKAIELNQNGAIWKLDLGTLEAIQWTKHWDSGI
34,1,A01.001,34,P00334,52,ELKAINPK,MSFTLTNKNVIFVAGLGGIGLDTSKELLKRDLKNLVILDRIENPAAIAELKAINPKVTVTFYPYDVTVPIAETTKLLKTIFAQLKTVDVLINGAGILDDHQIERTIAVNYTGLVNTTTAILDFWDKRKGGPGGIICNIGSVTGFNAIYQVPVYSGTKAAVVNFTSSLAKLAPITGVTAYTVNPGITRTTLVHKFNSWLDVEPQVAEKLLAHPTQPSLACAENFVKAIELNQNGAIWKLDLGTLEAIQWTKHWDSGI
35,1,A01.001,35,P00334,72,PIAETTKL,MSFTLTNKNVIFVAGLGGIGLDTSKELLKRDLKNLVILDRIENPAAIAELKAINPKVTVTFYPYDVTVPIAETTKLLKTIFAQLKTVDVLINGAGILDDHQIERTIAVNYTGLVNTTTAILDFWDKRKGGPGGIICNIGSVTGFNAIYQVPVYSGTKAAVVNFTSSLAKLAPITGVTAYTVNPGITRTTLVHKFNSWLDVEPQVAEKLLAHPTQPSLACAENFVKAIELNQNGAIWKLDLGTLEAIQWTKHWDSGI
36,1,A01.001,36,P00334,73,IAETTKLL,MSFTLTNKNVIFVAGLGGIGLDTSKELLKRDLKNLVILDRIENPAAIAELKAINPKVTVTFYPYDVTVPIAETTKLLKTIFAQLKTVDVLINGAGILDDHQIERTIAVNYTGLVNTTTAILDFWDKRKGGPGGIICNIGSVTGFNAIYQVPVYSGTKAAVVNFTSSLAKLAPITGVTAYTVNPGITRTTLVHKFNSWLDVEPQVAEKLLAHPTQPSLACAENFVKAIELNQNGAIWKLDLGTLEAIQWTKHWDSGI
37,1,A01.001,37,P00334,75,ETTKLLKT,MSFTLTNKNVIFVAGLGGIGLDTSKELLKRDLKNLVILDRIENPAAIAELKAINPKVTVTFYPYDVTVPIAETTKLLKTIFAQLKTVDVLINGAGILDDHQIERTIAVNYTGLVNTTTAILDFWDKRKGGPGGIICNIGSVTGFNAIYQVPVYSGTKAAVVNFTSSLAKLAPITGVTAYTVNPGITRTTLVHKFNSWLDVEPQVAEKLLAHPTQPSLACAENFVKAIELNQNGAIWKLDLGTLEAIQWTKHWDSGI
38,1,A01.001,38,P00334,81,KTIFAQLK,MSFTLTNKNVIFVAGLGGIGLDTSKELLKRDLKNLVILDRIENPAAIAELKAINPKVTVTFYPYDVTVPIAETTKLLKTIFAQLKTVDVLINGAGILDDHQIERTIAVNYTGLVNTTTAILDFWDKRKGGPGGIICNIGSVTGFNAIYQVPVYSGTKAAVVNFTSSLAKLAPITGVTAYTVNPGITRTTLVHKFNSWLDVEPQVAEKLLAHPTQPSLACAENFVKAIELNQNGAIWKLDLGTLEAIQWTKHWDSGI
39,1,A01.001,39,P00334,84,FAQLKTVD,MSFTLTNKNVIFVAGLGGIGLDTSKELLKRDLKNLVILDRIENPAAIAELKAINPKVTVTFYPYDVTVPIAETTKLLKTIFAQLKTVDVLINGAGILDDHQIERTIAVNYTGLVNTTTAILDFWDKRKGGPGGIICNIGSVTGFNAIYQVPVYSGTKAAVVNFTSSLAKLAPITGVTAYTVNPGITRTTLVHKFNSWLDVEPQVAEKLLAHPTQPSLACAENFVKAIELNQNGAIWKLDLGTLEAIQWTKHWDSGI
40,1,A01.001,40,P00334,87,LKTVDVLI,MSFTLTNKNVIFVAGLGGIGLDTSKELLKRDLKNLVILDRIENPAAIAELKAINPKVTVTFYPYDVTVPIAETTKLLKTIFAQLKTVDVLINGAGILDDHQIERTIAVNYTGLVNTTTAILDFWDKRKGGPGGIICNIGSVTGFNAIYQVPVYSGTKAAVVNFTSSLAKLAPITGVTAYTVNPGITRTTLVHKFNSWLDVEPQVAEKLLAHPTQPSLACAENFVKAIELNQNGAIWKLDLGTLEAIQWTKHWDSGI
41,1,A01.001,41,P00334,88,KTVDVLIN,MSFTLTNKNVIFVAGLGGIGLDTSKELLKRDLKNLVILDRIENPAAIAELKAINPKVTVTFYPYDVTVPIAETTKLLKTIFAQLKTVDVLINGAGILDDHQIERTIAVNYTGLVNTTTAILDFWDKRKGGPGGIICNIGSVTGFNAIYQVPVYSGTKAAVVNFTSSLAKLAPITGVTAYTVNPGITRTTLVHKFNSWLDVEPQVAEKLLAHPTQPSLACAENFVKAIELNQNGAIWKLDLGTLEAIQWTKHWDSGI
42,1,A01.001,42,P00334,97,AGILDDHQ,MSFTLTNKNVIFVAGLGGIGLDTSKELLKRDLKNLVILDRIENPAAIAELKAINPKVTVTFYPYDVTVPIAETTKLLKTIFAQLKTVDVLINGAGILDDHQIERTIAVNYTGLVNTTTAILDFWDKRKGGPGGIICNIGSVTGFNAIYQVPVYSGTKAAVVNFTSSLAKLAPITGVTAYTVNPGITRTTLVHKFNSWLDVEPQVAEKLLAHPTQPSLACAENFVKAIELNQNGAIWKLDLGTLEAIQWTKHWDSGI
43,1,A01.001,43,P00334,101,DDHQIERT,MSFTLTNKNVIFVAGLGGIGLDTSKELLKRDLKNLVILDRIENPAAIAELKAINPKVTVTFYPYDVTVPIAETTKLLKTIFAQLKTVDVLINGAGILDDHQIERTIAVNYTGLVNTTTAILDFWDKRKGGPGGIICNIGSVTGFNAIYQVPVYSGTKAAVVNFTSSLAKLAPITGVTAYTVNPGITRTTLVHKFNSWLDVEPQVAEKLLAHPTQPSLACAENFVKAIELNQNGAIWKLDLGTLEAIQWTKHWDSGI
44,1,A01.001,44,P00334,104,QIERTIAV,MSFTLTNKNVIFVAGLGGIGLDTSKELLKRDLKNLVILDRIENPAAIAELKAINPKVTVTFYPYDVTVPIAETTKLLKTIFAQLKTVDVLINGAGILDDHQIERTIAVNYTGLVNTTTAILDFWDKRKGGPGGIICNIGSVTGFNAIYQVPVYSGTKAAVVNFTSSLAKLAPITGVTAYTVNPGITRTTLVHKFNSWLDVEPQVAEKLLAHPTQPSLACAENFVKAIELNQNGAIWKLDLGTLEAIQWTKHWDSGI
45,1,A01.001,45,P00334,107,RTIAVNYT,MSFTLTNKNVIFVAGLGGIGLDTSKELLKRDLKNLVILDRIENPAAIAELKAINPKVTVTFYPYDVTVPIAETTKLLKTIFAQLKTVDVLINGAGILDDHQIERTIAVNYTGLVNTTTAILDFWDKRKGGPGGIICNIGSVTGFNAIYQVPVYSGTKAAVVNFTSSLAKLAPITGVTAYTVNPGITRTTLVHKFNSWLDVEPQVAEKLLAHPTQPSLACAENFVKAIELNQNGAIWKLDLGTLEAIQWTKHWDSGI
46,1,A01.001,46,P00334,113,YTGLVNTT,MSFTLTNKNVIFVAGLGGIGLDTSKELLKRDLKNLVILDRIENPAAIAELKAINPKVTVTFYPYDVTVPIAETTKLLKTIFAQLKTVDVLINGAGILDDHQIERTIAVNYTGLVNTTTAILDFWDKRKGGPGGIICNIGSVTGFNAIYQVPVYSGTKAAVVNFTSSLAKLAPITGVTAYTVNPGITRTTLVHKFNSWLDVEPQVAEKLLAHPTQPSLACAENFVKAIELNQNGAIWKLDLGTLEAIQWTKHWDSGI
47,1,A01.001,47,P00334,116,LVNTTTAI,MSFTLTNKNVIFVAGLGGIGLDTSKELLKRDLKNLVILDRIENPAAIAELKAINPKVTVTFYPYDVTVPIAETTKLLKTIFAQLKTVDVLINGAGILDDHQIERTIAVNYTGLVNTTTAILDFWDKRKGGPGGIICNIGSVTGFNAIYQVPVYSGTKAAVVNFTSSLAKLAPITGVTAYTVNPGITRTTLVHKFNSWLDVEPQVAEKLLAHPTQPSLACAENFVKAIELNQNGAIWKLDLGTLEAIQWTKHWDSGI
48,1,A01.001,48,P00334,117,VNTTTAIL,MSFTLTNKNVIFVAGLGGIGLDTSKELLKRDLKNLVILDRIENPAAIAELKAINPKVTVTFYPYDVTVPIAETTKLLKTIFAQLKTVDVLINGAGILDDHQIERTIAVNYTGLVNTTTAILDFWDKRKGGPGGIICNIGSVTGFNAIYQVPVYSGTKAAVVNFTSSLAKLAPITGVTAYTVNPGITRTTLVHKFNSWLDVEPQVAEKLLAHPTQPSLACAENFVKAIELNQNGAIWKLDLGTLEAIQWTKHWDSGI
49,1,A01.001,49,P00334,119,TTTAILDF,MSFTLTNKNVIFVAGLGGIGLDTSKELLKRDLKNLVILDRIENPAAIAELKAINPKVTVTFYPYDVTVPIAETTKLLKTIFAQLKTVDVLINGAGILDDHQIERTIAVNYTGLVNTTTAILDFWDKRKGGPGGIICNIGSVTGFNAIYQVPVYSGTKAAVVNFTSSLAKLAPITGVTAYTVNPGITRTTLVHKFNSWLDVEPQVAEKLLAHPTQPSLACAENFVKAIELNQNGAIWKLDLGTLEAIQWTKHWDSGI
50,1,A01.001,50,P00334,123,ILDFWDKR,MSFTLTNKNVIFVAGLGGIGLDTSKELLKRDLKNLVILDRIENPAAIAELKAINPKVTVTFYPYDVTVPIAETTKLLKTIFAQLKTVDVLINGAGILDDHQIERTIAVNYTGLVNTTTAILDFWDKRKGGPGGIICNIGSVTGFNAIYQVPVYSGTKAAVVNFTSSLAKLAPITGVTAYTVNPGITRTTLVHKFNSWLDVEPQVAEKLLAHPTQPSLACAENFVKAIELNQNGAIWKLDLGTLEAIQWTKHWDSGI
51,1,A01.001,51,P00334,137,IICNIGSV,MSFTLTNKNVIFVAGLGGIGLDTSKELLKRDLKNLVILDRIENPAAIAELKAINPKVTVTFYPYDVTVPIAETTKLLKTIFAQLKTVDVLINGAGILDDHQIERTIAVNYTGLVNTTTAILDFWDKRKGGPGGIICNIGSVTGFNAIYQVPVYSGTKAAVVNFTSSLAKLAPITGVTAYTVNPGITRTTLVHKFNSWLDVEPQVAEKLLAHPTQPSLACAENFVKAIELNQNGAIWKLDLGTLEAIQWTKHWDSGI
52,1,A01.001,52,P00334,144,VTGFNAIY,MSFTLTNKNVIFVAGLGGIGLDTSKELLKRDLKNLVILDRIENPAAIAELKAINPKVTVTFYPYDVTVPIAETTKLLKTIFAQLKTVDVLINGAGILDDHQIERTIAVNYTGLVNTTTAILDFWDKRKGGPGGIICNIGSVTGFNAIYQVPVYSGTKAAVVNFTSSLAKLAPITGVTAYTVNPGITRTTLVHKFNSWLDVEPQVAEKLLAHPTQPSLACAENFVKAIELNQNGAIWKLDLGTLEAIQWTKHWDSGI
53,1,A01.001,53,P00334,157,SGTKAAVV,MSFTLTNKNVIFVAGLGGIGLDTSKELLKRDLKNLVILDRIENPAAIAELKAINPKVTVTFYPYDVTVPIAETTKLLKTIFAQLKTVDVLINGAGILDDHQIERTIAVNYTGLVNTTTAILDFWDKRKGGPGGIICNIGSVTGFNAIYQVPVYSGTKAAVVNFTSSLAKLAPITGVTAYTVNPGITRTTLVHKFNSWLDVEPQVAEKLLAHPTQPSLACAENFVKAIELNQNGAIWKLDLGTLEAIQWTKHWDSGI
54,1,A01.001,54,P00334,163,VVNFTSSL,MSFTLTNKNVIFVAGLGGIGLDTSKELLKRDLKNLVILDRIENPAAIAELKAINPKVTVTFYPYDVTVPIAETTKLLKTIFAQLKTVDVLINGAGILDDHQIERTIAVNYTGLVNTTTAILDFWDKRKGGPGGIICNIGSVTGFNAIYQVPVYSGTKAAVVNFTSSLAKLAPITGVTAYTVNPGITRTTLVHKFNSWLDVEPQVAEKLLAHPTQPSLACAENFVKAIELNQNGAIWKLDLGTLEAIQWTKHWDSGI
55,1,A01.001,55,P00334,167,TSSLAKLA,MSFTLTNKNVIFVAGLGGIGLDTSKELLKRDLKNLVILDRIENPAAIAELKAINPKVTVTFYPYDVTVPIAETTKLLKTIFAQLKTVDVLINGAGILDDHQIERTIAVNYTGLVNTTTAILDFWDKRKGGPGGIICNIGSVTGFNAIYQVPVYSGTKAAVVNFTSSLAKLAPITGVTAYTVNPGITRTTLVHKFNSWLDVEPQVAEKLLAHPTQPSLACAENFVKAIELNQNGAIWKLDLGTLEAIQWTKHWDSGI
56,1,A01.001,56,P00334,178,GVTAYTVN,MSFTLTNKNVIFVAGLGGIGLDTSKELLKRDLKNLVILDRIENPAAIAELKAINPKVTVTFYPYDVTVPIAETTKLLKTIFAQLKTVDVLINGAGILDDHQIERTIAVNYTGLVNTTTAILDFWDKRKGGPGGIICNIGSVTGFNAIYQVPVYSGTKAAVVNFTSSLAKLAPITGVTAYTVNPGITRTTLVHKFNSWLDVEPQVAEKLLAHPTQPSLACAENFVKAIELNQNGAIWKLDLGTLEAIQWTKHWDSGI
57,1,A01.001,57,P00334,189,TRTTLVHK,MSFTLTNKNVIFVAGLGGIGLDTSKELLKRDLKNLVILDRIENPAAIAELKAINPKVTVTFYPYDVTVPIAETTKLLKTIFAQLKTVDVLINGAGILDDHQIERTIAVNYTGLVNTTTAILDFWDKRKGGPGGIICNIGSVTGFNAIYQVPVYSGTKAAVVNFTSSLAKLAPITGVTAYTVNPGITRTTLVHKFNSWLDVEPQVAEKLLAHPTQPSLACAENFVKAIELNQNGAIWKLDLGTLEAIQWTKHWDSGI
58,1,A01.001,58,P00334,196,KFNSWLDV,MSFTLTNKNVIFVAGLGGIGLDTSKELLKRDLKNLVILDRIENPAAIAELKAINPKVTVTFYPYDVTVPIAETTKLLKTIFAQLKTVDVLINGAGILDDHQIERTIAVNYTGLVNTTTAILDFWDKRKGGPGGIICNIGSVTGFNAIYQVPVYSGTKAAVVNFTSSLAKLAPITGVTAYTVNPGITRTTLVHKFNSWLDVEPQVAEKLLAHPTQPSLACAENFVKAIELNQNGAIWKLDLGTLEAIQWTKHWDSGI
59,1,A01.001,59,P00334,198,NSWLDVEP,MSFTLTNKNVIFVAGLGGIGLDTSKELLKRDLKNLVILDRIENPAAIAELKAINPKVTVTFYPYDVTVPIAETTKLLKTIFAQLKTVDVLINGAGILDDHQIERTIAVNYTGLVNTTTAILDFWDKRKGGPGGIICNIGSVTGFNAIYQVPVYSGTKAAVVNFTSSLAKLAPITGVTAYTVNPGITRTTLVHKFNSWLDVEPQVAEKLLAHPTQPSLACAENFVKAIELNQNGAIWKLDLGTLEAIQWTKHWDSGI
60,1,A01.001,60,P00334,208,AEKLLAHP,MSFTLTNKNVIFVAGLGGIGLDTSKELLKRDLKNLVILDRIENPAAIAELKAINPKVTVTFYPYDVTVPIAETTKLLKTIFAQLKTVDVLINGAGILDDHQIERTIAVNYTGLVNTTTAILDFWDKRKGGPGGIICNIGSVTGFNAIYQVPVYSGTKAAVVNFTSSLAKLAPITGVTAYTVNPGITRTTLVHKFNSWLDVEPQVAEKLLAHPTQPSLACAENFVKAIELNQNGAIWKLDLGTLEAIQWTKHWDSGI
61,1,A01.001,61,P00334,209,EKLLAHPT,MSFTLTNKNVIFVAGLGGIGLDTSKELLKRDLKNLVILDRIENPAAIAELKAINPKVTVTFYPYDVTVPIAETTKLLKTIFAQLKTVDVLINGAGILDDHQIERTIAVNYTGLVNTTTAILDFWDKRKGGPGGIICNIGSVTGFNAIYQVPVYSGTKAAVVNFTSSLAKLAPITGVTAYTVNPGITRTTLVHKFNSWLDVEPQVAEKLLAHPTQPSLACAENFVKAIELNQNGAIWKLDLGTLEAIQWTKHWDSGI
62,1,A01.001,62,P00334,218,PSLACAEN,MSFTLTNKNVIFVAGLGGIGLDTSKELLKRDLKNLVILDRIENPAAIAELKAINPKVTVTFYPYDVTVPIAETTKLLKTIFAQLKTVDVLINGAGILDDHQIERTIAVNYTGLVNTTTAILDFWDKRKGGPGGIICNIGSVTGFNAIYQVPVYSGTKAAVVNFTSSLAKLAPITGVTAYTVNPGITRTTLVHKFNSWLDVEPQVAEKLLAHPTQPSLACAENFVKAIELNQNGAIWKLDLGTLEAIQWTKHWDSGI
63,1,A01.001,63,P00334,226,FVKAIELN,MSFTLTNKNVIFVAGLGGIGLDTSKELLKRDLKNLVILDRIENPAAIAELKAINPKVTVTFYPYDVTVPIAETTKLLKTIFAQLKTVDVLINGAGILDDHQIERTIAVNYTGLVNTTTAILDFWDKRKGGPGGIICNIGSVTGFNAIYQVPVYSGTKAAVVNFTSSLAKLAPITGVTAYTVNPGITRTTLVHKFNSWLDVEPQVAEKLLAHPTQPSLACAENFVKAIELNQNGAIWKLDLGTLEAIQWTKHWDSGI
64,1,A01.001,64,P00334,243,CAENFVKAIELNQNGAIWKLDLGTLEAIQWTKHWDSGI------------,MSFTLTNKNVIFVAGLGGIGLDTSKELLKRDLKNLVILDRIENPAAIAELKAINPKVTVTFYPYDVTVPIAETTKLLKTIFAQLKTVDVLINGAGILDDHQIERTIAVNYTGLVNTTTAILDFWDKRKGGPGGIICNIGSVTGFNAIYQVPVYSGTKAAVVNFTSSLAKLAPITGVTAYTVNPGITRTTLVHKFNSWLDVEPQVAEKLLAHPTQPSLACAENFVKAIELNQNGAIWKLDLGTLEAIQWTKHWDSGI
65,1,A01.001,65,P00334,244,AENFVKAIELNQNGAIWKLDLGTLEAIQWTKHWDSGI-------------,MSFTLTNKNVIFVAGLGGIGLDTSKELLKRDLKNLVILDRIENPAAIAELKAINPKVTVTFYPYDVTVPIAETTKLLKTIFAQLKTVDVLINGAGILDDHQIERTIAVNYTGLVNTTTAILDFWDKRKGGPGGIICNIGSVTGFNAIYQVPVYSGTKAAVVNFTSSLAKLAPITGVTAYTVNPGITRTTLVHKFNSWLDVEPQVAEKLLAHPTQPSLACAENFVKAIELNQNGAIWKLDLGTLEAIQWTKHWDSGI
66,1,A01.001,66,P00698,35,RHGLDNYR,MRSLLILVLCFLPLAALGKVFGRCELAAAMKRHGLDNYRGYSLGNWVCAAKFESNFNTQATNRNTDGSTDYGILQINSRWWCNDGRTPGSRNLCNIPCSALLSSDITASVNCAKKIVSDGNGMNAWVAWRNRCKGTDVQAWIRGCRL
67,1,A01.001,67,P00698,56,ESNFNTQA,MRSLLILVLCFLPLAALGKVFGRCELAAAMKRHGLDNYRGYSLGNWVCAAKFESNFNTQATNRNTDGSTDYGILQINSRWWCNDGRTPGSRNLCNIPCSALLSSDITASVNCAKKIVSDGNGMNAWVAWRNRCKGTDVQAWIRGCRL
68,1,A01.001,68,P00698,74,YGILQINS,MRSLLILVLCFLPLAALGKVFGRCELAAAMKRHGLDNYRGYSLGNWVCAAKFESNFNTQATNRNTDGSTDYGILQINSRWWCNDGRTPGSRNLCNIPCSALLSSDITASVNCAKKIVSDGNGMNAWVAWRNRCKGTDVQAWIRGCRL
69,1,A01.001,69,P00711,59,DTQAIVQN,MMSFVSLLLVGILFHATQAEQLTKCEVFRELKDLKGYGGVSLPEWVCTTFHTSGYDTQAIVQNNDSTEYGLFQINNKIWCKDDQNPHSSNICNISCDKFLDDDLTDDIMCVKKILDKVGINYWLAHKALCSEKLDQWLCEKL
70,1,A01.001,70,P00711,71,EYGLFQIN,MMSFVSLLLVGILFHATQAEQLTKCEVFRELKDLKGYGGVSLPEWVCTTFHTSGYDTQAIVQNNDSTEYGLFQINNKIWCKDDQNPHSSNICNISCDKFLDDDLTDDIMCVKKILDKVGINYWLAHKALCSEKLDQWLCEKL
71,1,A01.001,71,P00711,122,KFLDDDLTDDIMCVKKILDKVGINYWLAHKALCSEKLDQWLCEKL-----,MMSFVSLLLVGILFHATQAEQLTKCEVFRELKDLKGYGGVSLPEWVCTTFHTSGYDTQAIVQNNDSTEYGLFQINNKIWCKDDQNPHSSNICNISCDKFLDDDLTDDIMCVKKILDKVGINYWLAHKALCSEKLDQWLCEKL
72,1,A01.001,72,P00720,18,-------M,MNIFEMLRIDERLRLKIYKDTEGYYTIGIGHLLTKSPSLNAAKSELDKAIGRNCNGVITKDEAEKLFNQDVDAAVRGILRNAKLKPVYDSLDAVRRCALINMVFQMGETGVAGFTNSLRMLQQKRWDEAAVNLAKSIWYNQTPNRAKRVITTFRTGTWDAYKNL
73,1,A01.001,73,P00720,66,AEKLFNQD,MNIFEMLRIDERLRLKIYKDTEGYYTIGIGHLLTKSPSLNAAKSELDKAIGRNCNGVITKDEAEKLFNQDVDAAVRGILRNAKLKPVYDSLDAVRRCALINMVFQMGETGVAGFTNSLRMLQQKRWDEAAVNLAKSIWYNQTPNRAKRVITTFRTGTWDAYKNL
74,1,A01.001,74,P00720,67,EKLFNQDV,MNIFEMLRIDERLRLKIYKDTEGYYTIGIGHLLTKSPSLNAAKSELDKAIGRNCNGVITKDEAEKLFNQDVDAAVRGILRNAKLKPVYDSLDAVRRCALINMVFQMGETGVAGFTNSLRMLQQKRWDEAAVNLAKSIWYNQTPNRAKRVITTFRTGTWDAYKNL
75,1,A01.001,75,P00720,84,NAKLKPVY,MNIFEMLRIDERLRLKIYKDTEGYYTIGIGHLLTKSPSLNAAKSELDKAIGRNCNGVITKDEAEKLFNQDVDAAVRGILRNAKLKPVYDSLDAVRRCALINMVFQMGETGVAGFTNSLRMLQQKRWDEAAVNLAKSIWYNQTPNRAKRVITTFRTGTWDAYKNL
76,1,A01.001,76,P00720,88,KPVYDSLD,MNIFEMLRIDERLRLKIYKDTEGYYTIGIGHLLTKSPSLNAAKSELDKAIGRNCNGVITKDEAEKLFNQDVDAAVRGILRNAKLKPVYDSLDAVRRCALINMVFQMGETGVAGFTNSLRMLQQKRWDEAAVNLAKSIWYNQTPNRAKRVITTFRTGTWDAYKNL
77,1,A01.001,77,P00720,91,YDSLDAVR,MNIFEMLRIDERLRLKIYKDTEGYYTIGIGHLLTKSPSLNAAKSELDKAIGRNCNGVITKDEAEKLFNQDVDAAVRGILRNAKLKPVYDSLDAVRRCALINMVFQMGETGVAGFTNSLRMLQQKRWDEAAVNLAKSIWYNQTPNRAKRVITTFRTGTWDAYKNL
78,1,A01.001,78,P00720,126,QKRWDEAA,MNIFEMLRIDERLRLKIYKDTEGYYTIGIGHLLTKSPSLNAAKSELDKAIGRNCNGVITKDEAEKLFNQDVDAAVRGILRNAKLKPVYDSLDAVRRCALINMVFQMGETGVAGFTNSLRMLQQKRWDEAAVNLAKSIWYNQTPNRAKRVITTFRTGTWDAYKNL
79,1,A01.001,79,P00720,129,WDEAAVNL,MNIFEMLRIDERLRLKIYKDTEGYYTIGIGHLLTKSPSLNAAKSELDKAIGRNCNGVITKDEAEKLFNQDVDAAVRGILRNAKLKPVYDSLDAVRRCALINMVFQMGETGVAGFTNSLRMLQQKRWDEAAVNLAKSIWYNQTPNRAKRVITTFRTGTWDAYKNL
80,1,A01.001,80,P00720,130,DEAAVNLA,MNIFEMLRIDERLRLKIYKDTEGYYTIGIGHLLTKSPSLNAAKSELDKAIGRNCNGVITKDEAEKLFNQDVDAAVRGILRNAKLKPVYDSLDAVRRCALINMVFQMGETGVAGFTNSLRMLQQKRWDEAAVNLAKSIWYNQTPNRAKRVITTFRTGTWDAYKNL
81,1,A01.001,81,P00720,132,AAVNLAKS,MNIFEMLRIDERLRLKIYKDTEGYYTIGIGHLLTKSPSLNAAKSELDKAIGRNCNGVITKDEAEKLFNQDVDAAVRGILRNAKLKPVYDSLDAVRRCALINMVFQMGETGVAGFTNSLRMLQQKRWDEAAVNLAKSIWYNQTPNRAKRVITTFRTGTWDAYKNL
82,1,A01.001,82,P00720,133,AVNLAKSI,MNIFEMLRIDERLRLKIYKDTEGYYTIGIGHLLTKSPSLNAAKSELDKAIGRNCNGVITKDEAEKLFNQDVDAAVRGILRNAKLKPVYDSLDAVRRCALINMVFQMGETGVAGFTNSLRMLQQKRWDEAAVNLAKSIWYNQTPNRAKRVITTFRTGTWDAYKNL
83,1,A01.001,83,P00720,158,AKSIWYNQTPNRAKRVITTFRTGTWDAYKNL-------------------,MNIFEMLRIDERLRLKIYKDTEGYYTIGIGHLLTKSPSLNAAKSELDKAIGRNCNGVITKDEAEKLFNQDVDAAVRGILRNAKLKPVYDSLDAVRRCALINMVFQMGETGVAGFTNSLRMLQQKRWDEAAVNLAKSIWYNQTPNRAKRVITTFRTGTWDAYKNL
84,1,A01.001,84,P00720,160,SIWYNQTPNRAKRVITTFRTGTWDAYKNL---------------------,MNIFEMLRIDERLRLKIYKDTEGYYTIGIGHLLTKSPSLNAAKSELDKAIGRNCNGVITKDEAEKLFNQDVDAAVRGILRNAKLKPVYDSLDAVRRCALINMVFQMGETGVAGFTNSLRMLQQKRWDEAAVNLAKSIWYNQTPNRAKRVITTFRTGTWDAYKNL
87,1,A01.001,87,P01274,58,QGTFTSDY,MKTIYFVAGLFVMLVQGSWQRSLQNTEEKSRSFPAPQTDPLDDPDQMTEDKRHSQGTFTSDYSKYLDSRRAQDFVQWLMNTKRNKNNIAKRHDEFERHAEGTFTSDVSSYLEGQAAKEFIAWLVKGRGRRDFPEEVTIVEELRRRHADGSFSDEMNTVLDNLATRDFINWLLHTKITDSL
88,1,A01.001,88,P01274,61,FTSDYSKY,MKTIYFVAGLFVMLVQGSWQRSLQNTEEKSRSFPAPQTDPLDDPDQMTEDKRHSQGTFTSDYSKYLDSRRAQDFVQWLMNTKRNKNNIAKRHDEFERHAEGTFTSDVSSYLEGQAAKEFIAWLVKGRGRRDFPEEVTIVEELRRRHADGSFSDEMNTVLDNLATRDFINWLLHTKITDSL
89,1,A01.001,89,P01274,74,AQDFVQWL,MKTIYFVAGLFVMLVQGSWQRSLQNTEEKSRSFPAPQTDPLDDPDQMTEDKRHSQGTFTSDYSKYLDSRRAQDFVQWLMNTKRNKNNIAKRHDEFERHAEGTFTSDVSSYLEGQAAKEFIAWLVKGRGRRDFPEEVTIVEELRRRHADGSFSDEMNTVLDNLATRDFINWLLHTKITDSL
90,1,A01.001,90,P01274,78,VQWLMNTK,MKTIYFVAGLFVMLVQGSWQRSLQNTEEKSRSFPAPQTDPLDDPDQMTEDKRHSQGTFTSDYSKYLDSRRAQDFVQWLMNTKRNKNNIAKRHDEFERHAEGTFTSDVSSYLEGQAAKEFIAWLVKGRGRRDFPEEVTIVEELRRRHADGSFSDEMNTVLDNLATRDFINWLLHTKITDSL
91,1,A01.001,91,P01317,28,FVNQHLCG,MALWTRLRPLLALLALWPPPPARAFVNQHLCGSHLVEALYLVCGERGFFYTPKARREVEGPQVGALELAGGPGAGGLEGPPQKRGIVEQCCASVCSLYQLENYCN
92,1,A01.001,92,P01317,35,GSHLVEAL,MALWTRLRPLLALLALWPPPPARAFVNQHLCGSHLVEALYLVCGERGFFYTPKARREVEGPQVGALELAGGPGAGGLEGPPQKRGIVEQCCASVCSLYQLENYCN
93,1,A01.001,93,P01317,37,HLVEALYL,MALWTRLRPLLALLALWPPPPARAFVNQHLCGSHLVEALYLVCGERGFFYTPKARREVEGPQVGALELAGGPGAGGLEGPPQKRGIVEQCCASVCSLYQLENYCN
94,1,A01.001,94,P01317,38,LVEALYLV,MALWTRLRPLLALLALWPPPPARAFVNQHLCGSHLVEALYLVCGERGFFYTPKARREVEGPQVGALELAGGPGAGGLEGPPQKRGIVEQCCASVCSLYQLENYCN
95,1,A01.001,95,P01317,39,VEALYLVC,MALWTRLRPLLALLALWPPPPARAFVNQHLCGSHLVEALYLVCGERGFFYTPKARREVEGPQVGALELAGGPGAGGLEGPPQKRGIVEQCCASVCSLYQLENYCN
96,1,A01.001,96,P01317,40,EALYLVCG,MALWTRLRPLLALLALWPPPPARAFVNQHLCGSHLVEALYLVCGERGFFYTPKARREVEGPQVGALELAGGPGAGGLEGPPQKRGIVEQCCASVCSLYQLENYCN
97,1,A01.001,97,P01317,41,ALYLVCGE,MALWTRLRPLLALLALWPPPPARAFVNQHLCGSHLVEALYLVCGERGFFYTPKARREVEGPQVGALELAGGPGAGGLEGPPQKRGIVEQCCASVCSLYQLENYCN
98,1,A01.001,98,P01317,48,ERGFFYTP,MALWTRLRPLLALLALWPPPPARAFVNQHLCGSHLVEALYLVCGERGFFYTPKARREVEGPQVGALELAGGPGAGGLEGPPQKRGIVEQCCASVCSLYQLENYCN
99,1,A01.001,99,P01317,49,RGFFYTPK,MALWTRLRPLLALLALWPPPPARAFVNQHLCGSHLVEALYLVCGERGFFYTPKARREVEGPQVGALELAGGPGAGGLEGPPQKRGIVEQCCASVCSLYQLENYCN
100,1,A01.001,100,P01857,121,LGGPSVFL,ASTKGPSVFPLAPSSKSTSGGTAALGCLVKDYFPEPVTVSWNSGALTSGVHTFPAVLQSSGLYSLSSVVTVPSSSLGTQTYICNVNHKPSNTKVDKKVEPKSCDKTHTCPPCPAPELLGGPSVFLFPPKPKDTLMISRTPEVTCVVVDVSHEDPEVKFNWYVDGVEVHNAKTKPREEQYNSTYRVVSVLTVLHQDWLNGKEYKCKVSNKALPAPIEKTISKAKGQPREPQVYTLPPSRDELTKNQVSLTCLVKGFYPSDIAVEWESNGQPENNYKTTPPVLDSDGSFFLYSKLTVDKSRWQQGNVFSCSVMHEALHNHYTQKSLSLSPELQLEESCAEAQDGELDGLWTTITIFITLFLLSVCYSATVTFFKVKWIFSSVVDLKQTIIPDYRNMIGQGA
101,1,A01.001,101,P02457,156,MSYGYDEK,MFSFVDSRLLLLIAATVLLTRGEGEEDIQTGSCVQDGLTYNDKDVWKPEPCQICVCDSGNILCDEVICEDTSDCPNAEIPFGECCPICPDVDASPVYPESAGVEGPKGDTGPRGDRGLPGPPGRDGIPGQPGLPGPPGPPGPPGLGGNFAPQMSYGYDEKSAGVAVPGPMGPAGPRGLPGPPGAPGPQGFQGPPGEPGEPGASGPMGPRGPAGPPGKNGDDGEAGKPGRPGQRGPPGPQGARGLPGTAGLPGMKGHRGFSGLDGAKGQPGPAGPKGEPGSPGENGAPGQMGPRGLPGERGRPGPSGPAGARGNDGAPGAAGPPGPTGPAGPPGFPGAAGAKGETGPQGARGSEGPQGSRGEPGPPGPAGAAGPAGNPGADGQPGAKGATGAPGIAGAPGFPGARGPSGPQGPSGAPGPKGNSGEPGAPGNKGDTGAKGEPGPAGVQGPPGPAGEEGKRGARGEPGPAGLPGPAGERGAPGSRGFPGADGIAGPKGPPGERGSPGAVGPKGSPGEAGRPGEAGLPGAKGLTGSPGSPGPDGKTGPPGPAGQDGRPGPAGPPGARGQAGVMGFPGPKGAAGEPGKPGERGAPGPPGAVGAAGKDGEAGAQGPPGPTGPAGERGEQGPAGAPGFQGLPGPAGPPGEAGKPGEQGVPGNAGAPGPAGARGERGFPGERGVQGPPGPQGPRGANGAPGNDGAKGDAGAPGAPGNEGPPGLEGMPGERGAAGLPGAKGDRGDPGPKGADGAPGKDGLRGLTGPIGPPGPAGAPGDKGEAGPPGPAGPTGARGAPGDRGEPGPPGPAGFAGPPGADGQPGAKGETGDAGAKGDAGPPGPAGPTGAPGPAGZVGAPGPKGARGSAGPPGATGFPGAAGRVGPPGPSGNIGLPGPPGPAGKZGSKGPRGETGPAGRPGEPGPAGPPGPPGEKGSPGADGPIGAPGTPGPQGIAGQRGVVGLPGQRGERGFPGLPGPSGEPGKQGPSGASGERGPPGPMGPPGLAGPPGEAGREGAPGAEGAPGRDGAAGPKGDRGETGPAGPPGAPGAPGAPGPVGPAGKNGDRGETGPAGPAGPPGPAGARGPAGPQGPRGDKGETGEQGDRGMKGHRGFSGLQGPPGPPGAPGEQGPSGASGPAGPRGPPGSAGAAGKDGLNGLPGPIGPPGPRGRTGEVGPVGPPGPPGPPGPPGPPSGGFDLSFLPQPPQEKAHDGGRYYRADDANVMRDRDLEVDTTLKSLSQQIENIRSPEGTRKNPARTCRDLKMCHGDWKSGEYWIDPNQGCNLDAIKVYCNMETGETCVYPTQATIAQKNWYLSKNPKEKKHVWFGETMSDGFQFEYGGEGSNPADVAIQLTFLRLMSTEATQNVTYHCKNSVAYMDHDTGNLKKALLLQGANEIEIRAEGNSRFTYGVTEDGCTSHTGAWGKTVIEYKTTKTSRLPIIDLAPMDVGAPDQEFGIDIGPVCFL
102,1,A01.001,102,P02457,163,KSAGVAVP,MFSFVDSRLLLLIAATVLLTRGEGEEDIQTGSCVQDGLTYNDKDVWKPEPCQICVCDSGNILCDEVICEDTSDCPNAEIPFGECCPICPDVDASPVYPESAGVEGPKGDTGPRGDRGLPGPPGRDGIPGQPGLPGPPGPPGPPGLGGNFAPQMSYGYDEKSAGVAVPGPMGPAGPRGLPGPPGAPGPQGFQGPPGEPGEPGASGPMGPRGPAGPPGKNGDDGEAGKPGRPGQRGPPGPQGARGLPGTAGLPGMKGHRGFSGLDGAKGQPGPAGPKGEPGSPGENGAPGQMGPRGLPGERGRPGPSGPAGARGNDGAPGAAGPPGPTGPAGPPGFPGAAGAKGETGPQGARGSEGPQGSRGEPGPPGPAGAAGPAGNPGADGQPGAKGATGAPGIAGAPGFPGARGPSGPQGPSGAPGPKGNSGEPGAPGNKGDTGAKGEPGPAGVQGPPGPAGEEGKRGARGEPGPAGLPGPAGERGAPGSRGFPGADGIAGPKGPPGERGSPGAVGPKGSPGEAGRPGEAGLPGAKGLTGSPGSPGPDGKTGPPGPAGQDGRPGPAGPPGARGQAGVMGFPGPKGAAGEPGKPGERGAPGPPGAVGAAGKDGEAGAQGPPGPTGPAGERGEQGPAGAPGFQGLPGPAGPPGEAGKPGEQGVPGNAGAPGPAGARGERGFPGERGVQGPPGPQGPRGANGAPGNDGAKGDAGAPGAPGNEGPPGLEGMPGERGAAGLPGAKGDRGDPGPKGADGAPGKDGLRGLTGPIGPPGPAGAPGDKGEAGPPGPAGPTGARGAPGDRGEPGPPGPAGFAGPPGADGQPGAKGETGDAGAKGDAGPPGPAGPTGAPGPAGZVGAPGPKGARGSAGPPGATGFPGAAGRVGPPGPSGNIGLPGPPGPAGKZGSKGPRGETGPAGRPGEPGPAGPPGPPGEKGSPGADGPIGAPGTPGPQGIAGQRGVVGLPGQRGERGFPGLPGPSGEPGKQGPSGASGERGPPGPMGPPGLAGPPGEAGREGAPGAEGAPGRDGAAGPKGDRGETGPAGPPGAPGAPGAPGPVGPAGKNGDRGETGPAGPAGPPGPAGARGPAGPQGPRGDKGETGEQGDRGMKGHRGFSGLQGPPGPPGAPGEQGPSGASGPAGPRGPPGSAGAAGKDGLNGLPGPIGPPGPRGRTGEVGPVGPPGPPGPPGPPGPPSGGFDLSFLPQPPQEKAHDGGRYYRADDANVMRDRDLEVDTTLKSLSQQIENIRSPEGTRKNPARTCRDLKMCHGDWKSGEYWIDPNQGCNLDAIKVYCNMETGETCVYPTQATIAQKNWYLSKNPKEKKHVWFGETMSDGFQFEYGGEGSNPADVAIQLTFLRLMSTEATQNVTYHCKNSVAYMDHDTGNLKKALLLQGANEIEIRAEGNSRFTYGVTEDGCTSHTGAWGKTVIEYKTTKTSRLPIIDLAPMDVGAPDQEFGIDIGPVCFL
103,1,A01.001,103,P02457,1186,GGFDLSFL,MFSFVDSRLLLLIAATVLLTRGEGEEDIQTGSCVQDGLTYNDKDVWKPEPCQICVCDSGNILCDEVICEDTSDCPNAEIPFGECCPICPDVDASPVYPESAGVEGPKGDTGPRGDRGLPGPPGRDGIPGQPGLPGPPGPPGPPGLGGNFAPQMSYGYDEKSAGVAVPGPMGPAGPRGLPGPPGAPGPQGFQGPPGEPGEPGASGPMGPRGPAGPPGKNGDDGEAGKPGRPGQRGPPGPQGARGLPGTAGLPGMKGHRGFSGLDGAKGQPGPAGPKGEPGSPGENGAPGQMGPRGLPGERGRPGPSGPAGARGNDGAPGAAGPPGPTGPAGPPGFPGAAGAKGETGPQGARGSEGPQGSRGEPGPPGPAGAAGPAGNPGADGQPGAKGATGAPGIAGAPGFPGARGPSGPQGPSGAPGPKGNSGEPGAPGNKGDTGAKGEPGPAGVQGPPGPAGEEGKRGARGEPGPAGLPGPAGERGAPGSRGFPGADGIAGPKGPPGERGSPGAVGPKGSPGEAGRPGEAGLPGAKGLTGSPGSPGPDGKTGPPGPAGQDGRPGPAGPPGARGQAGVMGFPGPKGAAGEPGKPGERGAPGPPGAVGAAGKDGEAGAQGPPGPTGPAGERGEQGPAGAPGFQGLPGPAGPPGEAGKPGEQGVPGNAGAPGPAGARGERGFPGERGVQGPPGPQGPRGANGAPGNDGAKGDAGAPGAPGNEGPPGLEGMPGERGAAGLPGAKGDRGDPGPKGADGAPGKDGLRGLTGPIGPPGPAGAPGDKGEAGPPGPAGPTGARGAPGDRGEPGPPGPAGFAGPPGADGQPGAKGETGDAGAKGDAGPPGPAGPTGAPGPAGZVGAPGPKGARGSAGPPGATGFPGAAGRVGPPGPSGNIGLPGPPGPAGKZGSKGPRGETGPAGRPGEPGPAGPPGPPGEKGSPGADGPIGAPGTPGPQGIAGQRGVVGLPGQRGERGFPGLPGPSGEPGKQGPSGASGERGPPGPMGPPGLAGPPGEAGREGAPGAEGAPGRDGAAGPKGDRGETGPAGPPGAPGAPGAPGPVGPAGKNGDRGETGPAGPAGPPGPAGARGPAGPQGPRGDKGETGEQGDRGMKGHRGFSGLQGPPGPPGAPGEQGPSGASGPAGPRGPPGSAGAAGKDGLNGLPGPIGPPGPRGRTGEVGPVGPPGPPGPPGPPGPPSGGFDLSFLPQPPQEKAHDGGRYYRADDANVMRDRDLEVDTTLKSLSQQIENIRSPEGTRKNPARTCRDLKMCHGDWKSGEYWIDPNQGCNLDAIKVYCNMETGETCVYPTQATIAQKNWYLSKNPKEKKHVWFGETMSDGFQFEYGGEGSNPADVAIQLTFLRLMSTEATQNVTYHCKNSVAYMDHDTGNLKKALLLQGANEIEIRAEGNSRFTYGVTEDGCTSHTGAWGKTVIEYKTTKTSRLPIIDLAPMDVGAPDQEFGIDIGPVCFL
104,1,A01.001,104,P02467,84,PSKAADFG,MLSFVDTRILLLLAVTSYLATSQHLFQASAGRKGPRGDKGPQGERGPPGPPGRDGEDGPPGPPGPPGPPGLGGNFAAQYDPSKAADFGPGPMGLMGPRGPPGASGPPGPPGFQGVPGEPGEPGQTGPQGPRGPPGPPGKAGEDGHPGKPGRPGERGVAGPQGARGFPGTPGLPGFKGIRGHNGLDGQKGQPGTPGTKGEPGAPGENGTPGQPGARGLPGERGRIGAPGPAGARGSDGSAGPTGPAGPIGAAGPPGFPGAPGAKGEIGPAGNVGPTGPAGPRGEIGLPGSSGPVGPPGNPGANGLPGAKGAAGLPGVAGAPGLPGPRGIPGPPGPAGPSGARGLVGEPGPAGAKGESGNKGEPGAAGPPGPPGPSGEEGKRGSNGEPGSAGPPGPAGLRGVPGSRGLPGADGRAGVMGPAGNRGASGPVGAKGPNGDAGRPGEPGLMGPRGLPGQPGSPGPAGKEGPVGFPGADGRVGPIGPAGNRGEPGNIGFPGPKGPTGEPGKPGEKGNVGLAGPRGAPGPEGNNGAQGPPGVTGNQGAKGETGPAGPPGFQGLPGPSGPAGEAGKPGERGLHGEFGVPGPAGPRGERGLPGESGAVGPAGPIGSRGPSGPPGPDGNKGEPGNVGPAGAPGPAGPGGIPGERGVAGVPGGKGEKGAPGLRGDTGATGRDGARGLPGAIGAPGPAGGAGDRGEGGPAGPAGPAGARGIPGERGEPGPVGPSGFAGPPGAAGQPGAKGERGPKGPKGETGPTGAIGPIGASGPPGPVGAAGPAGPRGDAGPPGMTGFPGAAGRVGPPGPAGITGPPGPPGPAGKDGPRGLRGDVGPVGRTGEQGIAGPPGFAGEKGPSGEAGAAGPPGTPGPQGILGAPGILGLPGSRGERGLPGIAGATGEPGPLGVSGPPGARGPSGPVGSPGPNGAPGEAGRDGNPGNDGPPGRDGAPGFKGERGAPGNPGPSGALGAPGPHGQVGPSGKPGNRGDPGPVGPVGPAGAFGPRGLAGPQGPRGEKGEPGDKGHRGLPGLKGHNGLQGLPGLAGQHGDQGPPGNNGPAGPRGPPGPSGPPGKDGRNGLPGPIGPAGVRGSHGSQGPAGPPGPPGPPGPPGPNGGGYEVGFDAEYYRADQPSLRPKDYEVDATLKTLNNQIETLLTPEGSKKNPARTCRDLRLSHPEWSSGFYWIDPNQGCTADAIRAYCDFATGETCIHASLEDIPTKTWYVSKNPKDKKHIWFGETINGGTQFEYNGEGVTTKDMATQLAFMRLLANHASQNITYHCKNSIAYMDEETGNLKKAVILQGSNDVELRAEGNSRFTFSVLVDGCSKKNNKWGKTIIEYRTNKPSRLPILDIAPLDIGGADQEFGLHIGPVCFK
105,1,A01.001,105,P02467,86,KAADFGPG,MLSFVDTRILLLLAVTSYLATSQHLFQASAGRKGPRGDKGPQGERGPPGPPGRDGEDGPPGPPGPPGPPGLGGNFAAQYDPSKAADFGPGPMGLMGPRGPPGASGPPGPPGFQGVPGEPGEPGQTGPQGPRGPPGPPGKAGEDGHPGKPGRPGERGVAGPQGARGFPGTPGLPGFKGIRGHNGLDGQKGQPGTPGTKGEPGAPGENGTPGQPGARGLPGERGRIGAPGPAGARGSDGSAGPTGPAGPIGAAGPPGFPGAPGAKGEIGPAGNVGPTGPAGPRGEIGLPGSSGPVGPPGNPGANGLPGAKGAAGLPGVAGAPGLPGPRGIPGPPGPAGPSGARGLVGEPGPAGAKGESGNKGEPGAAGPPGPPGPSGEEGKRGSNGEPGSAGPPGPAGLRGVPGSRGLPGADGRAGVMGPAGNRGASGPVGAKGPNGDAGRPGEPGLMGPRGLPGQPGSPGPAGKEGPVGFPGADGRVGPIGPAGNRGEPGNIGFPGPKGPTGEPGKPGEKGNVGLAGPRGAPGPEGNNGAQGPPGVTGNQGAKGETGPAGPPGFQGLPGPSGPAGEAGKPGERGLHGEFGVPGPAGPRGERGLPGESGAVGPAGPIGSRGPSGPPGPDGNKGEPGNVGPAGAPGPAGPGGIPGERGVAGVPGGKGEKGAPGLRGDTGATGRDGARGLPGAIGAPGPAGGAGDRGEGGPAGPAGPAGARGIPGERGEPGPVGPSGFAGPPGAAGQPGAKGERGPKGPKGETGPTGAIGPIGASGPPGPVGAAGPAGPRGDAGPPGMTGFPGAAGRVGPPGPAGITGPPGPPGPAGKDGPRGLRGDVGPVGRTGEQGIAGPPGFAGEKGPSGEAGAAGPPGTPGPQGILGAPGILGLPGSRGERGLPGIAGATGEPGPLGVSGPPGARGPSGPVGSPGPNGAPGEAGRDGNPGNDGPPGRDGAPGFKGERGAPGNPGPSGALGAPGPHGQVGPSGKPGNRGDPGPVGPVGPAGAFGPRGLAGPQGPRGEKGEPGDKGHRGLPGLKGHNGLQGLPGLAGQHGDQGPPGNNGPAGPRGPPGPSGPPGKDGRNGLPGPIGPAGVRGSHGSQGPAGPPGPPGPPGPPGPNGGGYEVGFDAEYYRADQPSLRPKDYEVDATLKTLNNQIETLLTPEGSKKNPARTCRDLRLSHPEWSSGFYWIDPNQGCTADAIRAYCDFATGETCIHASLEDIPTKTWYVSKNPKDKKHIWFGETINGGTQFEYNGEGVTTKDMATQLAFMRLLANHASQNITYHCKNSIAYMDEETGNLKKAVILQGSNDVELRAEGNSRFTFSVLVDGCSKKNNKWGKTIIEYRTNKPSRLPILDIAPLDIGGADQEFGLHIGPVCFK
106,1,A01.001,106,P02467,1107,GGGYEVGF,MLSFVDTRILLLLAVTSYLATSQHLFQASAGRKGPRGDKGPQGERGPPGPPGRDGEDGPPGPPGPPGPPGLGGNFAAQYDPSKAADFGPGPMGLMGPRGPPGASGPPGPPGFQGVPGEPGEPGQTGPQGPRGPPGPPGKAGEDGHPGKPGRPGERGVAGPQGARGFPGTPGLPGFKGIRGHNGLDGQKGQPGTPGTKGEPGAPGENGTPGQPGARGLPGERGRIGAPGPAGARGSDGSAGPTGPAGPIGAAGPPGFPGAPGAKGEIGPAGNVGPTGPAGPRGEIGLPGSSGPVGPPGNPGANGLPGAKGAAGLPGVAGAPGLPGPRGIPGPPGPAGPSGARGLVGEPGPAGAKGESGNKGEPGAAGPPGPPGPSGEEGKRGSNGEPGSAGPPGPAGLRGVPGSRGLPGADGRAGVMGPAGNRGASGPVGAKGPNGDAGRPGEPGLMGPRGLPGQPGSPGPAGKEGPVGFPGADGRVGPIGPAGNRGEPGNIGFPGPKGPTGEPGKPGEKGNVGLAGPRGAPGPEGNNGAQGPPGVTGNQGAKGETGPAGPPGFQGLPGPSGPAGEAGKPGERGLHGEFGVPGPAGPRGERGLPGESGAVGPAGPIGSRGPSGPPGPDGNKGEPGNVGPAGAPGPAGPGGIPGERGVAGVPGGKGEKGAPGLRGDTGATGRDGARGLPGAIGAPGPAGGAGDRGEGGPAGPAGPAGARGIPGERGEPGPVGPSGFAGPPGAAGQPGAKGERGPKGPKGETGPTGAIGPIGASGPPGPVGAAGPAGPRGDAGPPGMTGFPGAAGRVGPPGPAGITGPPGPPGPAGKDGPRGLRGDVGPVGRTGEQGIAGPPGFAGEKGPSGEAGAAGPPGTPGPQGILGAPGILGLPGSRGERGLPGIAGATGEPGPLGVSGPPGARGPSGPVGSPGPNGAPGEAGRDGNPGNDGPPGRDGAPGFKGERGAPGNPGPSGALGAPGPHGQVGPSGKPGNRGDPGPVGPVGPAGAFGPRGLAGPQGPRGEKGEPGDKGHRGLPGLKGHNGLQGLPGLAGQHGDQGPPGNNGPAGPRGPPGPSGPPGKDGRNGLPGPIGPAGVRGSHGSQGPAGPPGPPGPPGPPGPNGGGYEVGFDAEYYRADQPSLRPKDYEVDATLKTLNNQIETLLTPEGSKKNPARTCRDLRLSHPEWSSGFYWIDPNQGCTADAIRAYCDFATGETCIHASLEDIPTKTWYVSKNPKDKKHIWFGETINGGTQFEYNGEGVTTKDMATQLAFMRLLANHASQNITYHCKNSIAYMDEETGNLKKAVILQGSNDVELRAEGNSRFTFSVLVDGCSKKNNKWGKTIIEYRTNKPSRLPILDIAPLDIGGADQEFGLHIGPVCFK
107,1,A01.001,107,P02662,104,VPSERYLG,MKLLILTCLVAVALARPKHPIKHQGLPQEVLNENLLRFFVAPFPEVFGKEKVNELSKDIGSESTEDQAMEDIKQMEAESISSSEEIVPNSVEQKHIQKEDVPSERYLGYLEQLLRLKKYKVPQLEIVPNSAEERLHSMKEGIHAQQKEPMIGVNQELAYFYPELFRQFYQLDAYPSGAWYYVPLGTQYTDAPSFSDIPNPIGSENSEKTTMPLW
108,1,A01.001,108,P02662,111,GYLEQLLR,MKLLILTCLVAVALARPKHPIKHQGLPQEVLNENLLRFFVAPFPEVFGKEKVNELSKDIGSESTEDQAMEDIKQMEAESISSSEEIVPNSVEQKHIQKEDVPSERYLGYLEQLLRLKKYKVPQLEIVPNSAEERLHSMKEGIHAQQKEPMIGVNQELAYFYPELFRQFYQLDAYPSGAWYYVPLGTQYTDAPSFSDIPNPIGSENSEKTTMPLW
109,1,A01.001,109,P02668,126,HLSFMAIP,MMKSFFLVVTILALTLPFLGAQEQNQEQPIRCEKDERFFSDKIAKYIPIQYVLSRYPSYGLNYYQQKPVALINNQFLPYPYYAKPAAVRSPAQILQWQVLSNTVPAKSCQAQPTTMARHPHPHLSFMAIPPKKNQDKTEIPTINTIASGEPTSTPTTEAVESTVATLEDSPEVIESPPEINTVQVTSTAV
110,1,A01.001,110,P02769,423,KLGEYGFQ,MKWVTFISLLLLFSSAYSRGVFRRDTHKSEIAHRFKDLGEEHFKGLVLIAFSQYLQQCPFDEHVKLVNELTEFAKTCVADESHAGCEKSLHTLFGDELCKVASLRETYGDMADCCEKQEPERNECFLSHKDDSPDLPKLKPDPNTLCDEFKADEKKFWGKYLYEIARRHPYFYAPELLYYANKYNGVFQECCQAEDKGACLLPKIETMREKVLASSARQRLRCASIQKFGERALKAWSVARLSQKFPKAEFVEVTKLVTDLTKVHKECCHGDLLECADDRADLAKYICDNQDTISSKLKECCDKPLLEKSHCIAEVEKDAIPENLPPLTADFAEDKDVCKNYQEAKDAFLGSFLYEYSRRHPEYAVSVLLRLAKEYEATLEECCAKDDPHACYSTVFDKLKHLVDEPQNLIKQNCDQFEKLGEYGFQNALIVRYTRKVPQVSTPTLVEVSRSLGKVGTRCCTKPESERMPCTEDYLSLILNRLCVLHEKTPVSEKVTKCCTESLVNRRPCFSALTPDETYVPKAFDEKLFTFHADICTLPDTEKQIKKQTALVELLKHKPKATEEQLKTVMENFVAFVDKCCAADDKEACFAVEGPKLVVSTQTALA
111,1,A01.001,111,P02769,429,FQNALIVR,MKWVTFISLLLLFSSAYSRGVFRRDTHKSEIAHRFKDLGEEHFKGLVLIAFSQYLQQCPFDEHVKLVNELTEFAKTCVADESHAGCEKSLHTLFGDELCKVASLRETYGDMADCCEKQEPERNECFLSHKDDSPDLPKLKPDPNTLCDEFKADEKKFWGKYLYEIARRHPYFYAPELLYYANKYNGVFQECCQAEDKGACLLPKIETMREKVLASSARQRLRCASIQKFGERALKAWSVARLSQKFPKAEFVEVTKLVTDLTKVHKECCHGDLLECADDRADLAKYICDNQDTISSKLKECCDKPLLEKSHCIAEVEKDAIPENLPPLTADFAEDKDVCKNYQEAKDAFLGSFLYEYSRRHPEYAVSVLLRLAKEYEATLEECCAKDDPHACYSTVFDKLKHLVDEPQNLIKQNCDQFEKLGEYGFQNALIVRYTRKVPQVSTPTLVEVSRSLGKVGTRCCTKPESERMPCTEDYLSLILNRLCVLHEKTPVSEKVTKCCTESLVNRRPCFSALTPDETYVPKAFDEKLFTFHADICTLPDTEKQIKKQTALVELLKHKPKATEEQLKTVMENFVAFVDKCCAADDKEACFAVEGPKLVVSTQTALA
112,1,A01.001,112,P09889,181,QQPERPRN,MDTWTVLLILQASLVLPGAVGTRTNTRTAPTPILRFVAVGDWGGVPNAPFHTAREMANAKAIATTVKTLGADFILSLGDNFYFTGVHDAKDKRFQETFEDVFSDPSLRNVPWHVLAGNHDHLGNVSAQIAYSKISKRWNFPSPYYRLRFKIPRSNVSVAIFMLDTVTLCGNSDDFVSQQPERPRNLALARTQLAWIKKQLAAAKEDYVLVAGHYPVWSIAEHGPTHCLVKQLLPLLTTHKVTAYLCGHDHNLQYLQDENGLGFVLSGAGNFMDPSKKHLRKVPNGYLRFHFGAENSLGGFAYVEITPKEMSVTYIEASGKSLFKTKLPRRARSEHQHRRA
113,1,A01.001,113,P10915,39,NGPHLLVE,MKSLLLLVLISICWADHLSDNYTLDHDRAIHIQAENGPHLLVEAEQAKVFSHRGGNVTLPCKFYRDPTAFGSGIHKIRIKWTKLTSDYLKEVDVFVSMGYHKKTYGGYQGRVFLKGGSDSDASLVITDLTLEDYGRYKCEVIEGLEDDTVVVALDLQGVVFPYFPRLGRYNLNFHEAQQACLDQDAVIASFDQLYDAWRGGLDWCNAGWLSDGSVQYPITKPREPCGGQNTVPGVRNYGFWDKDKSRYDVFCFTSNFNGRFYYLIHPTKLTYDEAVQACLNDGAQIAKVGQIFAAWKILGYDRCDAGWLADGSVRYPISRPRRRCSPTEAAVRFVGFPDKKHKLYGVYCFRAYN
114,1,A01.001,114,P10915,41,PHLLVEAE,MKSLLLLVLISICWADHLSDNYTLDHDRAIHIQAENGPHLLVEAEQAKVFSHRGGNVTLPCKFYRDPTAFGSGIHKIRIKWTKLTSDYLKEVDVFVSMGYHKKTYGGYQGRVFLKGGSDSDASLVITDLTLEDYGRYKCEVIEGLEDDTVVVALDLQGVVFPYFPRLGRYNLNFHEAQQACLDQDAVIASFDQLYDAWRGGLDWCNAGWLSDGSVQYPITKPREPCGGQNTVPGVRNYGFWDKDKSRYDVFCFTSNFNGRFYYLIHPTKLTYDEAVQACLNDGAQIAKVGQIFAAWKILGYDRCDAGWLADGSVRYPISRPRRRCSPTEAAVRFVGFPDKKHKLYGVYCFRAYN
115,1,A01.001,115,P24627,35,QPEWFKCR,MKLFVPALLSLGALGLCLAAPRKNVRWCTISQPEWFKCRRWQWRMKKLGAPSITCVRRAFALECIRAIAEKKADAVTLDGGMVFEAGRDPYKLRPVAAEIYGTKESPQTHYYAVAVVKKGSNFQLDQLQGRKSCHTGLGRSAGWIIPMGILRPYLSWTESLEPLQGAVAKFFSASCVPCIDRQAYPNLCQLCKGEGENQCACSSREPYFGYSGAFKCLQDGAGDVAFVKETTVFENLPEKADRDQYELLCLNNSRAPVDAFKECHLAQVPSHAVVARSVDGKEDLIWKLLSKAQEKFGKNKSRSFQLFGSPPGQRDLLFKDSALGFLRIPSKVDSALYLGSRYLTTLKNLRETAEEVKARYTRVVWCAVGPEEQKKCQQWSQQSGQNVTCATASTTDDCIVLVLKGEADALNLDGGYIYTAGKCGLVPVLAENRKSSKHSSLDCVLRPTEGYLAVAVVKKANEGLTWNSLKDKKSCHTAVDRTAGWNIPMGLIVNQTGSCAFDEFFSQSCAPGADPKSRLCALCAGDDQGLDKCVPNSKEKYYGYTGAFRCLAEDVGDVAFVKNDTVWENTNGESTADWAKNLNREDFRLLCLDGTRKPVTEAQSCHLAVAPNHAVVSRSDRAAHVKQVLLHQQALFGKNGKNCPDKFCLFKSETKNLLFNDNTECLAKLGGRPTYEEYLGTEYVTAIANLKKCSTSPLLEACAFLTR
